seed,outpostX,outpostZ,treasureX,treasureZ285755773804266093,192,-224,169,-231
473781058246984301,192,-224,169,-231
552875526702678637,192,-224,169,-231
567793700468343405,192,-224,169,-231
862779476061110893,192,-224,169,-231
997043039952093805,192,-224,169,-231
1024064637716316781,192,-224,169,-231
1172120475466121837,192,-224,169,-231
1225882196017857133,192,-224,169,-231
1240237419830100589,192,-224,169,-231
1441773503154930285,192,-224,169,-231
1467950675989021293,192,-224,169,-231
1952369110908060269,192,-224,169,-231
1965035484860039789,192,-224,169,-231
1991212657694130797,192,-224,169,-231
2072277450986799725,192,-224,169,-231
2366700276626145901,192,-224,169,-231
2394003349367079533,192,-224,169,-231
2556414410929128045,192,-224,169,-231
2569362259857818221,192,-224,169,-231
2595820907668619885,192,-224,169,-231
2663656377055887981,192,-224,169,-231
2676322751007867501,192,-224,169,-231
2757950494253957741,192,-224,169,-231
2851118711545184877,192,-224,169,-231
2932183504837853805,192,-224,169,-231
2946538728650097261,192,-224,169,-231
3040269895894745709,192,-224,169,-231
3093750141469770349,192,-224,169,-231
3148074811974926957,192,-224,169,-231
3199866207689687661,192,-224,169,-231
3349610895299756653,192,-224,169,-231
3375225118180426349,192,-224,169,-231
3416883414733603437,192,-224,169,-231
3482185609330475629,192,-224,169,-231
3509488682071409261,192,-224,169,-231
4048231787495604845,192,-224,169,-231
4275100618724393581,192,-224,169,-231
4301559266535195245,192,-224,169,-231
4316477440300860013,192,-224,169,-231
4381779634897732205,192,-224,169,-231
4584160143152693869,192,-224,169,-231
4799207025359635053,192,-224,169,-231
4892656717627572845,192,-224,169,-231
4961336611944972909,192,-224,169,-231
4974284460873663085,192,-224,169,-231
5042119930260931181,192,-224,169,-231
5067452678164890221,192,-224,169,-231
5565100436989330029,192,-224,169,-231
5901463034158563949,192,-224,169,-231
6372089195218780781,192,-224,169,-231
6426132390747226733,192,-224,169,-231
6452309563581317741,192,-224,169,-231
6464412987579875949,192,-224,169,-231
6464975937533297261,192,-224,169,-231
6531685507013722733,192,-224,169,-231
6585728702542168685,192,-224,169,-231
6692689193692217965,192,-224,169,-231
6695222468482613869,192,-224,169,-231
6734347490245395053,192,-224,169,-231
7271401745809326701,192,-224,169,-231
7326289366267904621,192,-224,169,-231
7446479181323354733,192,-224,169,-231
7528106924569444973,192,-224,169,-231
7552595247543272045,192,-224,169,-231
7566668996378804845,192,-224,169,-231
7729080057940853357,192,-224,169,-231
7781997353562456685,192,-224,169,-231
7850114297926435437,192,-224,169,-231
7875728520807105133,192,-224,169,-231
7982689011957154413,192,-224,169,-231
8037295157439021677,192,-224,169,-231
8037858107392442989,192,-224,169,-231
8089930978083914349,192,-224,169,-231
8105130626826289773,192,-224,169,-231
8172966096213557869,192,-224,169,-231
9004161702440125037,192,-224,169,-231
-9214869115110505875,192,-224,169,-231
-9011362706948701587,192,-224,169,-231
-8985185534114610579,192,-224,169,-231
-8783367975813070227,192,-224,169,-231
-8729606255261334931,192,-224,169,-231
-8703992032380665235,192,-224,169,-231
-8702303182520401299,192,-224,169,-231
-8486974825336749459,192,-224,169,-231
-8475152876314901907,192,-224,169,-231
-8407317406927633811,192,-224,169,-231
-8392962183115390355,192,-224,169,-231
-8365940585351167379,192,-224,169,-231
-8125279480263556499,192,-224,169,-231
-8059132860736552339,192,-224,169,-231
-7883773950245813651,192,-224,169,-231
-7871107576293834131,192,-224,169,-231
-7870826101317123475,192,-224,169,-231
-7494494057454976403,192,-224,169,-231
-7454806085738773907,192,-224,169,-231
-7399918465280195987,192,-224,169,-231
-7398511090396642707,192,-224,169,-231
-7278039800364481939,192,-224,169,-231
-7010075622535937427,192,-224,169,-231
-7009794147559226771,192,-224,169,-231
-6956595376960912787,192,-224,169,-231
-6956032427007491475,192,-224,169,-231
-6742674394660814227,192,-224,169,-231
-6675401875226967443,192,-224,169,-231
-6608410830769831315,192,-224,169,-231
-6499198539806096787,192,-224,169,-231
-6486532165854117267,192,-224,169,-231
-6431363070418828691,192,-224,169,-231
-6406874747445001619,192,-224,169,-231
-6190983440307928467,192,-224,169,-231
-6164806267473837459,192,-224,169,-231
-6002395205911788947,192,-224,169,-231
-5976499508054408595,192,-224,169,-231
-5935967111408074131,192,-224,169,-231
-5922456312525962643,192,-224,169,-231
-5908101088713719187,192,-224,169,-231
-5733586603153112467,192,-224,169,-231
-5128696878201912723,192,-224,169,-231
-5102519705367821715,192,-224,169,-231
-5102238230391111059,192,-224,169,-231
-5089290381462420883,192,-224,169,-231
-5075216632626888083,192,-224,169,-231
-5061705833744776595,192,-224,169,-231
-5035247185933974931,192,-224,169,-231
-4953619442687884691,192,-224,169,-231
-4927442269853793683,192,-224,169,-231
-4899857722136149395,192,-224,169,-231
-4767564483082141075,192,-224,169,-231
-4551673175945067923,192,-224,169,-231
-4539006801993088403,192,-224,169,-231
-4241487751609925011,192,-224,169,-231
-4215592053752544659,192,-224,169,-231
-4202925679800565139,192,-224,169,-231
-3946501976017157523,192,-224,169,-231
-3732862468693769619,192,-224,169,-231
-3731455093810216339,192,-224,169,-231
-3396499871524535699,192,-224,169,-231
-3247318133867888019,192,-224,169,-231
-3235496184846040467,192,-224,169,-231
-3194963788199706003,192,-224,169,-231
-3127409793789148563,192,-224,169,-231
-3113898994907037075,192,-224,169,-231
-2939103034369719699,192,-224,169,-231
-2778943772621356435,192,-224,169,-231
-2657065107705642387,192,-224,169,-231
-2428225951639879059,192,-224,169,-231
-2414996627734478227,192,-224,169,-231
-2375871605971697043,192,-224,169,-231
-2347442633323920787,192,-224,169,-231
-2320702510536408467,192,-224,169,-231
-2268066689891515795,192,-224,169,-231
-2241045092127292819,192,-224,169,-231
-2173491097716735379,192,-224,169,-231
-2106500053259599251,192,-224,169,-231
-1917911818863459731,192,-224,169,-231
-1798003478784720275,192,-224,169,-231
-1784774154879319443,192,-224,169,-231
-1716375735538630035,192,-224,169,-231
-1648540266151361939,192,-224,169,-231
-1594497070622915987,192,-224,169,-231
-1568601372765535635,192,-224,169,-231
-1408723585993883027,192,-224,169,-231
-1352710065628462483,192,-224,169,-231
-1193395228810231187,192,-224,169,-231
-1043932016176872851,192,-224,169,-231
-533617883400453523,192,-224,169,-231
-386687945557491091,192,-224,169,-231
-385562045650648467,192,-224,169,-231
-252142906689797523,192,-224,169,-231
-237787682877554067,192,-224,169,-231
32376978457409717,256,144,233,137
71502000220190901,256,144,233,137
170862666999052469,256,144,233,137
240668461223295157,256,144,233,137
322859154422806709,256,144,233,137
372961700277303477,256,144,233,137
474011216916428981,256,144,233,137
530306212258560181,256,144,233,137
565490584347392181,256,144,233,137
700598573168507061,256,144,233,137
857380135196342453,256,144,233,137
1197401907062814901,256,144,233,137
1373323767506974901,256,144,233,137
1373886717460396213,256,144,233,137
1406819289735542965,256,144,233,137
1524194355023886517,256,144,233,137
1639599095475255477,256,144,233,137
1828750279824816309,256,144,233,137
1847327628287719605,256,144,233,137
1885326750143658165,256,144,233,137
1897993124095637685,256,144,233,137
1940495845578946741,256,144,233,137
1994257566130682037,256,144,233,137
1995101991060814005,256,144,233,137
1999042640734763189,256,144,233,137
2600273190988724405,256,144,233,137
2681056509304682677,256,144,233,137
2861481969376213173,256,144,233,137
3138453346459498677,256,144,233,137
3173074768594909365,256,144,233,137
3305368007648917685,256,144,233,137
3533081263807838389,256,144,233,137
3668189252628953269,256,144,233,137
3704499524624627893,256,144,233,137
3739120946760038581,256,144,233,137
3760794519966759093,256,144,233,137
3959515853524482229,256,144,233,137
3967960102825801909,256,144,233,137
3969648952686065845,256,144,233,137
4063943069884135605,256,144,233,137
4192295659264194741,256,144,233,137
4233672480840661173,256,144,233,137
4292219275996477621,256,144,233,137
4302352375158061237,256,144,233,137
4397772392262973621,256,144,233,137
4497696008995256501,256,144,233,137
4560183453825022133,256,144,233,137
4603249125261752501,256,144,233,137
4694728492692715701,256,144,233,137
4697543242459822261,256,144,233,137
4870087403183454389,256,144,233,137
4961566770614417589,256,144,233,137
4992810493029300405,256,144,233,137
5034468789582477493,256,144,233,137
5129607331710679221,256,144,233,137
5234034548070332597,256,144,233,137
5264715320531794101,256,144,233,137
5392786434935142581,256,144,233,137
5558856671194429621,256,144,233,137
5561671420961536181,256,144,233,137
5826257899069552821,256,144,233,137
5968121287331723445,256,144,233,137
6065793104250321077,256,144,233,137
6167968520796289205,256,144,233,137
6296884060129769653,256,144,233,137
6399903901605869749,256,144,233,137
6557529888563837109,256,144,233,137
6674904953852180661,256,144,233,137
6760191871795509429,256,144,233,137
6991845777628379317,256,144,233,137
7125827866542651573,256,144,233,137
7689622244894095541,256,144,233,137
7823041383854946485,256,144,233,137
7860477555757463733,256,144,233,137
7896224877799717045,256,144,233,137
8156307756280363189,256,144,233,137
8228646825295001781,256,144,233,137
8236246649666189493,256,144,233,137
8320970617656096949,256,144,233,137
8359532689465456821,256,144,233,137
8696739711564822709,256,144,233,137
9160610473183983797,256,144,233,137
-9222520255788959563,256,144,233,137
-9048287245205063499,256,144,233,137
-8955119027913836363,256,144,233,137
-8826203488580355915,256,144,233,137
-8751331144775321419,256,144,233,137
-7950816311010215755,256,144,233,137
-7883825266553079627,256,144,233,137
-7816834222095943499,256,144,233,137
-7692422282389833547,256,144,233,137
-7656674960347580235,256,144,233,137
-7627683037746382667,256,144,233,137
-7356904110150731595,256,144,233,137
-6756236509850191691,256,144,233,137
-6721615087714781003,256,144,233,137
-6708385763809380171,256,144,233,137
-6683053015905421131,256,144,233,137
-6639142919538558795,256,144,233,137
-6594388398241564491,256,144,233,137
-6458154509513606987,256,144,233,137
-6429162586912409419,256,144,233,137
-6328676020226705227,256,144,233,137
-6240574352516269899,256,144,233,137
-6054519392910526283,256,144,233,137
-6053393493003683659,256,144,233,137
-6052267593096841035,256,144,233,137
-5858612809119909707,256,144,233,137
-5857486909213067083,256,144,233,137
-5828494986611869515,256,144,233,137
-5818924837403707211,256,144,233,137
-5762066892108154699,256,144,233,137
-5395867947407591243,256,144,233,137
-4825318169615091531,256,144,233,137
-4697528530188453707,256,144,233,137
-4672195782284494667,256,144,233,137
-4631663385638160203,256,144,233,137
-4624345036243683147,256,144,233,137
-4427875502499645259,256,144,233,137
-4388750480736864075,256,144,233,137
-4052669358544340811,256,144,233,137
-4035780859941701451,256,144,233,137
-4023114485989721931,256,144,233,137
-3821015452711470923,256,144,233,137
-3760216857741969227,256,144,233,137
-3694351713191675723,256,144,233,137
-3627923618687960907,256,144,233,137
-3593302196552550219,256,144,233,137
-3526874102048835403,256,144,233,137
-3321397369050056523,256,144,233,137
-3196985429343946571,256,144,233,137
-3061877440522831691,256,144,233,137
-3025004218573735755,256,144,233,137
-2965331523511076683,256,144,233,137
-2930710101375665995,256,144,233,137
-2792224412834023243,256,144,233,137
-2696241445775689547,256,144,233,137
-2464587539942819659,256,144,233,137
-2006627752834582347,256,144,233,137
-1988894829301811019,256,144,233,137
-1930348034145994571,256,144,233,137
-1859416340014909259,256,144,233,137
-1632828983762831179,256,144,233,137
-1233697466787120971,256,144,233,137
-1165580522423142219,256,144,233,137
-1129833200380888907,256,144,233,137
-1094085878338635595,256,144,233,137
-1089019328757843787,256,144,233,137
-1065093955737438027,256,144,233,137
-1027657783834920779,256,144,233,137
-826966125440223051,256,144,233,137
-669340138482255691,256,144,233,137
-633592816440002379,256,144,233,137
-568290621843130187,256,144,233,137
-325377716941834059,256,144,233,137
-193647427841247051,256,144,233,137
-191395628027561803,256,144,233,137
-165218455193470795,256,144,233,137
8323495180967162371,80,160,121,137
-7264589029268966909,80,160,121,137
-3280248167359618522,-224,128,-199,105
336048455443538946,240,-144,217,-151
-8942211201869814782,240,-144,217,-151
340980332395128681,192,-240,201,-247
474962421309400937,192,-240,201,-247
1827168209427392361,192,-240,201,-247
2161560481759651689,192,-240,201,-247
2185767329756768105,192,-240,201,-247
2278372597094573929,192,-240,201,-247
3103375753833506665,192,-240,201,-247
3264379440512001897,192,-240,201,-247
3837462493094897513,192,-240,201,-247
4087975222367381353,192,-240,201,-247
4349746950708291433,192,-240,201,-247
6105869330406074217,192,-240,201,-247
6353285834934740841,192,-240,201,-247
7014189080251361129,192,-240,201,-247
7491570640752633705,192,-240,201,-247
7563628234790561641,192,-240,201,-247
7799785740250802025,192,-240,201,-247
8321077397118936937,192,-240,201,-247
8762148685624534889,192,-240,201,-247
-8785282837494470807,192,-240,201,-247
-7734818224410302615,192,-240,201,-247
-7361863880268683415,192,-240,201,-247
-6334761690251499671,192,-240,201,-247
-5999524992989108375,192,-240,201,-247
-5776033861480847511,192,-240,201,-247
-5215054232896510103,192,-240,201,-247
-5111752916443699351,192,-240,201,-247
-4040740630059653271,192,-240,201,-247
-2541604904098699415,192,-240,201,-247
-679647933157709975,192,-240,201,-247
4724729427661025407,144,64,121,25
-8322198692831301505,144,64,121,25
6902001412047080902,176,32,169,57
-8589818356154004026,176,32,169,57
-6639196767549157946,176,32,169,57
-3038568865466446394,176,32,169,57
-2712339367458796090,176,32,169,57
-1322134457484866106,176,32,169,57
1037839174677964904,16,160,-7,169
1039809499514939496,16,160,-7,169
3716073578079856744,16,160,-7,169
8349433169713965160,16,160,-7,169
-5431863165016463256,16,160,-7,169
-5025694773622986648,16,160,-7,169
-3935260713845905304,16,160,-7,169
-3891913567432464280,16,160,-7,169
3657758950724312117,240,32,249,25
-7968564962309333963,240,32,249,25
1021900838199874566,96,0,137,-7
4735118730966848518,96,0,137,-7
-7813598680747617274,96,0,137,-7
-4668397290982747130,96,0,137,-7
-4066322315798653946,96,0,137,-7
-2599556212159425530,96,0,137,-7
-1041029266112523258,96,0,137,-7
363251129949227596,32,176,57,185
1636925399564945996,32,176,57,185
1866890455537551948,32,176,57,185
2177920304802826828,32,176,57,185
2258422148142074444,32,176,57,185
2751847782315854412,32,176,57,185
3421476751910505036,32,176,57,185
3984989655285238348,32,176,57,185
4420994394210044492,32,176,57,185
4695713971479644748,32,176,57,185
4937500976474098252,32,176,57,185
5778266731908827724,32,176,57,185
5789807205953964620,32,176,57,185
8065250917682907724,32,176,57,185
8547417552788261452,32,176,57,185
8847469877961820748,32,176,57,185
-8677725121997043124,32,176,57,185
-7885936012509967796,32,176,57,185
-7722680526017787316,32,176,57,185
-7343252257411823028,32,176,57,185
-6250847872797767092,32,176,57,185
-6172879304248915380,32,176,57,185
-4584516010670683572,32,176,57,185
-4542857714117506484,32,176,57,185
-4491910743332877748,32,176,57,185
-4043521105432802740,32,176,57,185
-3364040511653279156,32,176,57,185
-3090165359313810868,32,176,57,185
-719864580433376692,32,176,57,185
-216024372121302452,32,176,57,185
13241084742016573,192,80,169,89
154822998027476541,192,80,169,89
181563120814988861,192,80,169,89
250805965085810237,192,80,169,89
310478660148469309,192,80,169,89
389573128604163645,192,80,169,89
420253901065625149,192,80,169,89
456282698084589117,192,80,169,89
501881644311715389,192,80,169,89
523555217518435901,192,80,169,89
619819659553480253,192,80,169,89
620101134530190909,192,80,169,89
627982433878089277,192,80,169,89
654722556665601597,192,80,169,89
673862855081926205,192,80,169,89
846407015805558333,192,80,169,89
943234407794023997,192,80,169,89
964626506024033853,192,80,169,89
1000655303042997821,192,80,169,89
1040906224712621629,192,80,169,89
1113245293727260221,192,80,169,89
1201628436414406205,192,80,169,89
1264678831197593149,192,80,169,89
1334766100398546493,192,80,169,89
1358691473418952253,192,80,169,89
1414986468761083453,192,80,169,89
1507591736098889277,192,80,169,89
1598508153576431165,192,80,169,89
1652269874128166461,192,80,169,89
1668313947800673853,192,80,169,89
1695335545564896829,192,80,169,89
1712505519144246845,192,80,169,89
1908412102934863421,192,80,169,89
1990039846180953661,192,80,169,89
1994261970831613501,192,80,169,89
2066882514822962749,192,80,169,89
2136406834070494781,192,80,169,89
2204805253411184189,192,80,169,89
2364964515159547453,192,80,169,89
2409719036456541757,192,80,169,89
2425763110129049149,192,80,169,89
2518368377466854973,192,80,169,89
2535538351046204989,192,80,169,89
2724408060419055165,192,80,169,89
2789147305062506045,192,80,169,89
2800969254084353597,192,80,169,89
2849382950078586429,192,80,169,89
2978017014435356221,192,80,169,89
3175049498132815421,192,80,169,89
3199537821106642493,192,80,169,89
3260899366029565501,192,80,169,89
3306216837279981117,192,80,169,89
3476790673166638653,192,80,169,89
3499590146280201789,192,80,169,89
3604298837616565821,192,80,169,89
3627098310730128957,192,80,169,89
3853404192005496381,192,80,169,89
3855093041865760317,192,80,169,89
3871137115538267709,192,80,169,89
3889995938977881661,192,80,169,89
3974438431991078461,192,80,169,89
4018630003334651453,192,80,169,89
4045088651145453117,192,80,169,89
4141916043133918781,192,80,169,89
4152330617272213053,192,80,169,89
4283779431396089405,192,80,169,89
4453227367375904317,192,80,169,89
4639000852004937277,192,80,169,89
4644348876562439741,192,80,169,89
4700925346881281597,192,80,169,89
4843070210120162877,192,80,169,89
4883039656813076029,192,80,169,89
4889795056254131773,192,80,169,89
4913438954297826877,192,80,169,89
4935394002481258045,192,80,169,89
5061776267024342589,192,80,169,89
5070783466279083581,192,80,169,89
5087109014928301629,192,80,169,89
5289208048206552637,192,80,169,89
5420656862330428989,192,80,169,89
5556327801104965181,192,80,169,89
5818943954376007229,192,80,169,89
6034553786536369725,192,80,169,89
6045531310628085309,192,80,169,89
6206253522329869885,192,80,169,89
6235808394884488765,192,80,169,89
6296044039900569149,192,80,169,89
6332354311896243773,192,80,169,89
6337139386500324925,192,80,169,89
6504054047689743933,192,80,169,89
6510527972154089021,192,80,169,89
6605947989259001405,192,80,169,89
6672939033716137533,192,80,169,89
6712908480409050685,192,80,169,89
6782995749610004029,192,80,169,89
6862090218065698365,192,80,169,89
6983687408004701757,192,80,169,89
6993257557212864061,192,80,169,89
6998605581770366525,192,80,169,89
7316390830476697149,192,80,169,89
7320050005173935677,192,80,169,89
7498505140408491581,192,80,169,89
7509201189523496509,192,80,169,89
7611376606069464637,192,80,169,89
7640931478624083517,192,80,169,89
7658101452203433533,192,80,169,89
7717211197312671293,192,80,169,89
7718337097219513917,192,80,169,89
7741136570333077053,192,80,169,89
7837682487344832061,192,80,169,89
7887503558222618173,192,80,169,89
7906362381662232125,192,80,169,89
7930569229659348541,192,80,169,89
7974760801002921533,192,80,169,89
7985456850117926461,192,80,169,89
7991930774582271549,192,80,169,89
8036403820902555197,192,80,169,89
8143364312052604477,192,80,169,89
8222740255485009469,192,80,169,89
8224147630368562749,192,80,169,89
8339270895843221053,192,80,169,89
8373892317978631741,192,80,169,89
8410202589974306365,192,80,169,89
8420898639089311293,192,80,169,89
8438350087645371965,192,80,169,89
8451579411550772797,192,80,169,89
8454394161317879357,192,80,169,89
8635382571342831165,192,80,169,89
8653678444829023805,192,80,169,89
8658463519433104957,192,80,169,89
8711943765008129597,192,80,169,89
8836918654667660861,192,80,169,89
8839451929458056765,192,80,169,89
8855214528153853501,192,80,169,89
9093905308404489789,192,80,169,89
-8864761155688784323,192,80,169,89
-8844776432342327747,192,80,169,89
-8805651410579546563,192,80,169,89
-8804525510672703939,192,80,169,89
-8754985914771628483,192,80,169,89
-8710512868451344835,192,80,169,89
-8703757469010289091,192,80,169,89
-8561049655817986499,192,80,169,89
-8536279857867448771,192,80,169,89
-8466755538619916739,192,80,169,89
-8445363440389906883,192,80,169,89
-8356698822726050243,192,80,169,89
-8347128673517887939,192,80,169,89
-8256212256040346051,192,80,169,89
-8245516206925341123,192,80,169,89
-8241294082274681283,192,80,169,89
-7801067218699215299,192,80,169,89
-7784178720096575939,192,80,169,89
-7656952030623359427,192,80,169,89
-7567161513052660163,192,80,169,89
-7565754138169106883,192,80,169,89
-7512273892594082243,192,80,169,89
-7443875473253392835,192,80,169,89
-7441905148416418243,192,80,169,89
-7281745886668054979,192,80,169,89
-7195896018771304899,192,80,169,89
-7001115334887530947,192,80,169,89
-6970434562426069443,192,80,169,89
-6954390488753562051,192,80,169,89
-6828571174163898819,192,80,169,89
-6823223149606396355,192,80,169,89
-6814778900305076675,192,80,169,89
-6799016301609279939,192,80,169,89
-6739906556500042179,192,80,169,89
-6739343606546620867,192,80,169,89
-6629849840606175683,192,80,169,89
-6549629472243638723,192,80,169,89
-6471097953741365699,192,80,169,89
-6446328155790827971,192,80,169,89
-6408610508911600067,192,80,169,89
-6340493564547621315,192,80,169,89
-6191593301867684291,192,80,169,89
-6136705681409106371,192,80,169,89
-6125728157317390787,192,80,169,89
-6119254232853045699,192,80,169,89
-5888444751950307779,192,80,169,89
-5884785577253069251,192,80,169,89
-5839749580979364291,192,80,169,89
-5781484260800258499,192,80,169,89
-5743766613921030595,192,80,169,89
-5720967140807467459,192,80,169,89
-5678182944347447747,192,80,169,89
-5606969775239651779,192,80,169,89
-5596555201101357507,192,80,169,89
-5572066878127530435,192,80,169,89
-5475520961115775427,192,80,169,89
-5471861786418536899,192,80,169,89
-5371375219732832707,192,80,169,89
-5332531672946762179,192,80,169,89
-5269481278163575235,192,80,169,89
-5148728513154703811,192,80,169,89
-5046834571585446339,192,80,169,89
-4952821929364087235,192,80,169,89
-4804203141660860867,192,80,169,89
-4786470218128089539,192,80,169,89
-4784499893291114947,192,80,169,89
-4739745371994120643,192,80,169,89
-4691331675999887811,192,80,169,89
-4679509726978040259,192,80,169,89
-4507809991184540099,192,80,169,89
-4404508674731729347,192,80,169,89
-4321473556602085827,192,80,169,89
-4273059860607852995,192,80,169,89
-4248853012610736579,192,80,169,89
-4237031063588889027,192,80,169,89
-4163284619690697155,192,80,169,89
-4101641599791063491,192,80,169,89
-4006503057662861763,192,80,169,89
-3972726060457583043,192,80,169,89
-3963718861202842051,192,80,169,89
-3956681986785075651,192,80,169,89
-3918964339905847747,192,80,169,89
-3815100073499615683,192,80,169,89
-3561491119483314627,192,80,169,89
-3511951523582239171,192,80,169,89
-3505196124141183427,192,80,169,89
-3503507274280919491,192,80,169,89
-3421879531034829251,192,80,169,89
-3358829136251642307,192,80,169,89
-3267912718774100419,192,80,169,89
-3266505343890547139,192,80,169,89
-2939431420952764867,192,80,169,89
-2856114827846410691,192,80,169,89
-2725228963675955651,192,80,169,89
-2660489719032504771,192,80,169,89
-2629808946571043267,192,80,169,89
-2549307103231795651,192,80,169,89
-2498078657470456259,192,80,169,89
-2482034583797948867,192,80,169,89
-2332008421211169219,192,80,169,89
-2272898676101931459,192,80,169,89
-2212663031085851075,192,80,169,89
-2211537131179008451,192,80,169,89
-2159182785510826435,192,80,169,89
-2157775410627273155,192,80,169,89
-2109643189609750979,192,80,169,89
-2053066719290909123,192,80,169,89
-2007749248040493507,192,80,169,89
-1892344507589124547,192,80,169,89
-1584129408090956227,192,80,169,89
-1330520454074655171,192,80,169,89
-1314476380402147779,192,80,169,89
-1130673220610089411,192,80,169,89
-1123636346192323011,192,80,169,89
-1075785600151511491,192,80,169,89
-1059178576525582787,192,80,169,89
-926885337471574467,192,80,169,89
-666802458990928323,192,80,169,89
-654980509969080771,192,80,169,89
-645410360760918467,192,80,169,89
-600092889510502851,192,80,169,89
-495384198174138819,192,80,169,89
-462451625898992067,192,80,169,89
-366750133817369027,192,80,169,89
-343669185727095235,192,80,169,89
-58253559342490051,192,80,169,89
6023534675297041754,80,96,73,121
559757570396555686,192,112,201,105
1278081710962149798,192,112,201,105
2090418493749103014,192,112,201,105
2648020422612912550,192,112,201,105
3076143862189820326,192,112,201,105
3184793203200133542,192,112,201,105
3343826565041654182,192,112,201,105
3715373534299720102,192,112,201,105
4064965455374354854,192,112,201,105
4216961942798109094,192,112,201,105
4351506981665802662,192,112,201,105
4865761764116171174,192,112,201,105
5016632351633082790,192,112,201,105
5540738758268324262,192,112,201,105
5923826201571527078,192,112,201,105
7082377205712587174,192,112,201,105
7588469213838346662,192,112,201,105
8058250949968431526,192,112,201,105
8255283433665890726,192,112,201,105
8768412316209416614,192,112,201,105
8830899761039182246,192,112,201,105
8894513105775790502,192,112,201,105
-9032909635902600794,192,112,201,105
-7438072417860023898,192,112,201,105
-6448124924768646746,192,112,201,105
-6422229226911266394,192,112,201,105
-5889960045951415898,192,112,201,105
-4476674187887212122,192,112,201,105
-3814926517640459866,192,112,201,105
-3309960409421543002,192,112,201,105
-3262109663380731482,192,112,201,105
-3224954966454924890,192,112,201,105
-3027922482757465690,192,112,201,105
-2143246630955873882,192,112,201,105
-2042760064270169690,192,112,201,105
-1771699661697807962,192,112,201,105
-1502609583962420826,192,112,201,105
-1189890884836882010,192,112,201,105
-738123547216279130,192,112,201,105
-76375876969526874,192,112,201,105
4503532876000212849,0,48,25,73
-7965808592281847951,0,48,25,73
2541450750613932434,16,-208,41,-215
-4792942717535630958,16,-208,41,-215
-4174823668679030382,16,-208,41,-215
-3797084249933330030,16,-208,41,-215
-2156366610686916206,16,-208,41,-215
-1585535357917705838,16,-208,41,-215
163032056367712478,48,224,25,217
378923363504785630,48,224,25,217
465899131308378334,48,224,25,217
912599919348189406,48,224,25,217
3128370936014473438,48,224,25,217
3442497010023565534,48,224,25,217
4237663819231168734,48,224,25,217
6045296119667001566,48,224,25,217
6539566178770913502,48,224,25,217
7379768984252221662,48,224,25,217
7771863626810165470,48,224,25,217
9041878721728645342,48,224,25,217
-7603144026055997218,48,224,25,217
-6804880992104576802,48,224,25,217
-6644158780402792226,48,224,25,217
-5621560190012978978,48,224,25,217
-4969664143951099682,48,224,25,217
-4615850098225805090,48,224,25,217
-4476519984754030370,48,224,25,217
-3832505238040049442,48,224,25,217
-2657910160226481954,48,224,25,217
-1463330359066457890,48,224,25,217
-1279527199274399522,48,224,25,217
-1127530711850645282,48,224,25,217
-420184095376766754,48,224,25,217
515394851350205599,-208,144,-231,105
705390460629898399,-208,144,-231,105
732693533370832031,-208,144,-231,105
1103677552675476639,-208,144,-231,105
1549815390761866399,-208,144,-231,105
1719263326741681311,-208,144,-231,105
1757262448597619871,-208,144,-231,105
1885615037977679007,-208,144,-231,105
1887303887837942943,-208,144,-231,105
2086588171349087391,-208,144,-231,105
2191296862685451423,-208,144,-231,105
2325278951599723679,-208,144,-231,105
2671211697977119903,-208,144,-231,105
2748335841595839647,-208,144,-231,105
2816452785959818399,-208,144,-231,105
2868807131628000415,-208,144,-231,105
2990122846590293151,-208,144,-231,105
3096238912810210463,-208,144,-231,105
3099053662577317023,-208,144,-231,105
3191940404891833503,-208,144,-231,105
3207984478564340895,-208,144,-231,105
3215302827958817951,-208,144,-231,105
3282293872415954079,-208,144,-231,105
3306500720413070495,-208,144,-231,105
3338870342734795935,-208,144,-231,105
3400231887657718943,-208,144,-231,105
3417120386260358303,-208,144,-231,105
3499029604483159199,-208,144,-231,105
3540124951082914975,-208,144,-231,105
3648774292093228191,-208,144,-231,105
3775156556636312735,-208,144,-231,105
4280967089785361567,-208,144,-231,105
4293914938714051743,-208,144,-231,105
4398060680096994463,-208,144,-231,105
4404534604561339551,-208,144,-231,105
4416638028559897759,-208,144,-231,105
4715282978849903775,-208,144,-231,105
4742023101637416095,-208,144,-231,105
4794940397259019423,-208,144,-231,105
5014490879093331103,-208,144,-231,105
5509323888150664351,-208,144,-231,105
5511294212987638943,-208,144,-231,105
5797835739279086751,-208,144,-231,105
5853849259644507295,-208,144,-231,105
5890159531640181919,-208,144,-231,105
5961372700747977887,-208,144,-231,105
6020763920833926303,-208,144,-231,105
6112243288264889503,-208,144,-231,105
6352904393352500383,-208,144,-231,105
6589906323742872735,-208,144,-231,105
6610172522066039967,-208,144,-231,105
6664778667547907231,-208,144,-231,105
6769205883907560607,-208,144,-231,105
7166085601069585567,-208,144,-231,105
7195640473624204447,-208,144,-231,105
7290497540775695519,-208,144,-231,105
7467263826149987487,-208,144,-231,105
7563528268185031839,-208,144,-231,105
7587735116182148255,-208,144,-231,105
7658385335336522911,-208,144,-231,105
7901016765261108383,-208,144,-231,105
7977015008972985503,-208,144,-231,105
8108463823096861855,-208,144,-231,105
8135203945884374175,-208,144,-231,105
8461714918868735135,-208,144,-231,105
8472973917937161375,-208,144,-231,105
8574586384529708191,-208,144,-231,105
8698153899305686175,-208,144,-231,105
8717294197722010783,-208,144,-231,105
8831854513243247775,-208,144,-231,105
8894060483096302751,-208,144,-231,105
8907008332024992927,-208,144,-231,105
8912637831559206047,-208,144,-231,105
8991732300014900383,-208,144,-231,105
-8914861293386902369,-208,144,-231,105
-8650837765232307041,-208,144,-231,105
-8645208265698093921,-208,144,-231,105
-8528959100316592993,-208,144,-231,105
-8517700101248166753,-208,144,-231,105
-8450709056791030625,-208,144,-231,105
-8201040752448678753,-208,144,-231,105
-8063118013860457313,-208,144,-231,105
-7843286057049434977,-208,144,-231,105
-7803316610356521825,-208,144,-231,105
-7793183511194938209,-208,144,-231,105
-7649068323119082337,-208,144,-231,105
-7565751730012728161,-208,144,-231,105
-7535070957551266657,-208,144,-231,105
-7509738209647307617,-208,144,-231,105
-7369845146222111585,-208,144,-231,105
-7273580704187067233,-208,144,-231,105
-7143539264946744161,-208,144,-231,105
-7133124690808449889,-208,144,-231,105
-7108354892857912161,-208,144,-231,105
-7106384568020937569,-208,144,-231,105
-7032919599099456353,-208,144,-231,105
-6924551733065853793,-208,144,-231,105
-6685016527885085537,-208,144,-231,105
-6660809679887969121,-208,144,-231,105
-6414800550242855777,-208,144,-231,105
-6017357883127409505,-208,144,-231,105
-5952337163507247969,-208,144,-231,105
-5840591597753117537,-208,144,-231,105
-5631455690057100129,-208,144,-231,105
-5532095023278238561,-208,144,-231,105
-5357580537717631841,-208,144,-231,105
-5264130845449694049,-208,144,-231,105
-5144785455324375905,-208,144,-231,105
-4970270969763769185,-208,144,-231,105
-4528355256328039265,-208,144,-231,105
-4502741033447369569,-208,144,-231,105
-4430683439409441633,-208,144,-231,105
-4155682387163130721,-208,144,-231,105
-4150897312559049569,-208,144,-231,105
-3947109429420534625,-208,144,-231,105
-3789483442462567265,-208,144,-231,105
-3542066937933900641,-208,144,-231,105
-3429476947249638241,-208,144,-231,105
-2876097143036488545,-208,144,-231,105
-2704115932266277729,-208,144,-231,105
-2684694158873242465,-208,144,-231,105
-2446003378622606177,-208,144,-231,105
-2384360358722972513,-208,144,-231,105
-2326657988497288033,-208,144,-231,105
-2109922256430082913,-208,144,-231,105
-1984384416817130337,-208,144,-231,105
-1699813215362657121,-208,144,-231,105
-1691087491084626785,-208,144,-231,105
-1394412865631595361,-208,144,-231,105
-1006540347724311393,-208,144,-231,105
-788960190726974305,-208,144,-231,105
-633867478559402849,-208,144,-231,105
-509174063876582241,-208,144,-231,105
-370969850311650145,-208,144,-231,105
287572352380898994,224,-240,201,-231
403821517762399922,224,-240,201,-231
728362165909786290,224,-240,201,-231
905128451284078258,224,-240,201,-231
1022503516572421810,224,-240,201,-231
1807537226618441394,224,-240,201,-231
1930823266417708722,224,-240,201,-231
2104493327048183474,224,-240,201,-231
2181898945643613874,224,-240,201,-231
3104010969347722930,224,-240,201,-231
3239118958168837810,224,-240,201,-231
3640220799981522610,224,-240,201,-231
4297183395624193714,224,-240,201,-231
4580910172148534962,224,-240,201,-231
4701944412134117042,224,-240,201,-231
4820445377329303218,224,-240,201,-231
4933316842990276274,224,-240,201,-231
5375232556426006194,224,-240,201,-231
5401972679213518514,224,-240,201,-231
5515970044781334194,224,-240,201,-231
5588027638819262130,224,-240,201,-231
5702025004387077810,224,-240,201,-231
6260189883204308658,224,-240,201,-231
6528717010986274482,224,-240,201,-231
6599648705117359794,224,-240,201,-231
6747423067890454194,224,-240,201,-231
7022987070090186418,224,-240,201,-231
7253233601039503026,224,-240,201,-231
7569611474862280370,224,-240,201,-231
7887115248591900338,224,-240,201,-231
7948758268491534002,224,-240,201,-231
8127776353679511218,224,-240,201,-231
8245151418967854770,224,-240,201,-231
8473146150103486130,224,-240,201,-231
8640623761246326450,224,-240,201,-231
8896484515076312754,224,-240,201,-231
9063962126219153074,224,-240,201,-231
9152345268906299058,224,-240,201,-231
-9102714345663295822,224,-240,201,-231
-8966480456935338318,224,-240,201,-231
-8847979491740152142,224,-240,201,-231
-8768885023284457806,224,-240,201,-231
-8643347183671505230,224,-240,201,-231
-8540890292148826446,224,-240,201,-231
-8484032346853273934,224,-240,201,-231
-8424641126767325518,224,-240,201,-231
-7865350348043252046,224,-240,201,-231
-7787381779494400334,224,-240,201,-231
-7600200919981814094,224,-240,201,-231
-7387405837588558158,224,-240,201,-231
-7344340166151827790,224,-240,201,-231
-6890883978670960974,224,-240,201,-231
-6823048509283692878,224,-240,201,-231
-6775760713196302670,224,-240,201,-231
-6390702945056125262,224,-240,201,-231
-6122175817274159438,224,-240,201,-231
-6093183894672961870,224,-240,201,-231
-5907128935067218254,224,-240,201,-231
-5797635169126773070,224,-240,201,-231
-5653519981050917198,224,-240,201,-231
-5651268181237231950,224,-240,201,-231
-5369793204526575950,224,-240,201,-231
-4839494348403700046,224,-240,201,-231
-4802339651477893454,224,-240,201,-231
-4668639037540331854,224,-240,201,-231
-4201109101223932238,224,-240,201,-231
-4178872578063790414,224,-240,201,-231
-4089363535469801806,224,-240,201,-231
-4033631490081091918,224,-240,201,-231
-3796348084714008910,224,-240,201,-231
-3694172668168040782,224,-240,201,-231
-3077742469171704142,224,-240,201,-231
-2983448351973634382,224,-240,201,-231
-2916175832539787598,224,-240,201,-231
-2835955464177250638,224,-240,201,-231
-2456808670547997006,224,-240,201,-231
-2423031673342718286,224,-240,201,-231
-2414868899018109262,224,-240,201,-231
-1981115959906988366,224,-240,201,-231
-1552148095399948622,224,-240,201,-231
-1193830450047283534,224,-240,201,-231
-792728608234598734,224,-240,201,-231
-575148451237261646,224,-240,201,-231
-395004466142441806,224,-240,201,-231
-325198671918199118,224,-240,201,-231
-321820972197671246,224,-240,201,-231
-185587083469713742,224,-240,201,-231
103152008933403715,128,144,121,169
199697925945158723,128,144,121,169
206734800362925123,128,144,121,169
247267197009259587,128,144,121,169
301873342491126851,128,144,121,169
497498451305032771,128,144,121,169
498342876235164739,128,144,121,169
516357274744646723,128,144,121,169
569274570366250051,128,144,121,169
593481418363366467,128,144,121,169
663568687564319811,128,144,121,169
664413112494451779,128,144,121,169
666664912308137027,128,144,121,169
679894236213537859,128,144,121,169
727463507277638723,128,144,121,169
735344806625537091,128,144,121,169
810498625407282243,128,144,121,169
828794498893474883,128,144,121,169
863978870982306883,128,144,121,169
874111970143890499,128,144,121,169
887341294049291331,128,144,121,169
927873690695625795,128,144,121,169
963621012737879107,128,144,121,169
971502312085777475,128,144,121,169
1019071583149878339,128,144,121,169
1054818905192131651,128,144,121,169
1065796429283847235,128,144,121,169
1136728123414932547,128,144,121,169
1153053672064150595,128,144,121,169
1181201169735216195,128,144,121,169
1185141819409165379,128,144,121,169
1329257007485021251,128,144,121,169
1335449456972655683,128,144,121,169
1337138306832919619,128,144,121,169
1343330756320554051,128,144,121,169
1345582556134239299,128,144,121,169
1346426981064371267,128,144,121,169
1401033126546238531,128,144,121,169
1441565523192572995,128,144,121,169
1467179746073242691,128,144,121,169
1497579043557993539,128,144,121,169
1598910035173829699,128,144,121,169
1639442431820164163,128,144,121,169
1680819253396630595,128,144,121,169
1722196074973097027,128,144,121,169
1739366048552447043,128,144,121,169
1786090894686415939,128,144,121,169
1921761833460952131,128,144,121,169
1972427329268870211,128,144,121,169
2036322148982189123,128,144,121,169
2083891420046289987,128,144,121,169
2153697214270532675,128,144,121,169
2417439267448417347,128,144,121,169
2595894402682973251,128,144,121,169
2602931277100739651,128,144,121,169
2666826096814058563,128,144,121,169
2687936720067357763,128,144,121,169
2698914244159073347,128,144,121,169
2738602215875275843,128,144,121,169
2765905288616209475,128,144,121,169
2861043830744411203,128,144,121,169
2970819071661567043,128,144,121,169
3002062794076449859,128,144,121,169
3120563759271636035,128,144,121,169
3201628552564304963,128,144,121,169
3204724777308122179,128,144,121,169
3263271572463938627,128,144,121,169
3276500896369339459,128,144,121,169
3327166392177257539,128,144,121,169
3367698788823592003,128,144,121,169
3394157436634393667,128,144,121,169
3395846286494657603,128,144,121,169
3423712309189012547,128,144,121,169
3447919157186128963,128,144,121,169
3492392203506412611,128,144,121,169
3574301421729213507,128,144,121,169
3675632413345049667,128,144,121,169
3762045231195221059,128,144,121,169
3776963404960885827,128,144,121,169
3782311429518388291,128,144,121,169
3790192728866286659,128,144,121,169
3901656819643706435,128,144,121,169
4009180260747177027,128,144,121,169
4012276485490994243,128,144,121,169
4035638908557978691,128,144,121,169
4066882630972861507,128,144,121,169
4069134430786546755,128,144,121,169
4147947424265530435,128,144,121,169
4160332323240799299,128,144,121,169
4239989741649914947,128,144,121,169
4293751462201650243,128,144,121,169
4344416958009568323,128,144,121,169
4371720030750501955,128,144,121,169
4422385526558420035,128,144,121,169
4475302822180023363,128,144,121,169
4654602382344711235,128,144,121,169
4907929861384301635,128,144,121,169
4921159185289702467,128,144,121,169
4988150229746838595,128,144,121,169
4988994654676970563,128,144,121,169
5013201502674086979,128,144,121,169
5035719500810939459,128,144,121,169
5081036972061355075,128,144,121,169
5111436269546105923,128,144,121,169
5120724943777557571,128,144,121,169
5126917393265192003,128,144,121,169
5167449789911526467,128,144,121,169
5182367963677191235,128,144,121,169
5199537937256541251,128,144,121,169
5270469631387626563,128,144,121,169
5309313178173697091,128,144,121,169
5377993072491097155,128,144,121,169
5390377971466366019,128,144,121,169
5391222396396497987,128,144,121,169
5512819586335501379,128,144,121,169
5553351982981835843,128,144,121,169
5617246802695154755,128,144,121,169
5632164976460819523,128,144,121,169
5638357425948453955,128,144,121,169
5640609225762139203,128,144,121,169
5642298075622403139,128,144,121,169
5644549875436088387,128,144,121,169
5752917741469690947,128,144,121,169
5763050840631274563,128,144,121,169
5840174984249994307,128,144,121,169
5855093158015659075,128,144,121,169
5956424149631495235,128,144,121,169
5971905273350581315,128,144,121,169
6006245220509281347,128,144,121,169
6030452068506397763,128,144,121,169
6074080689896549443,128,144,121,169
6088154438732082243,128,144,121,169
6127842410448284739,128,144,121,169
6138819934540000323,128,144,121,169
6201870329323187267,128,144,121,169
6219884727832669251,128,144,121,169
6226921602250435651,128,144,121,169
6229173402064120899,128,144,121,169
6392147413579590723,128,144,121,169
6489537755521477699,128,144,121,169
6534010801841761347,128,144,121,169
6635341793457597507,128,144,121,169
6652511767036947523,128,144,121,169
6672777965360114755,128,144,121,169
6776360756789636163,128,144,121,169
6786493855951219779,128,144,121,169
7103716154704129091,128,144,121,169
7145092976280595523,128,144,121,169
7154381650512047171,128,144,121,169
7313415012353567811,128,144,121,169
7368021157835435075,128,144,121,169
7489618347774438467,128,144,121,169
7492714572518255683,128,144,121,169
7495810797262072899,128,144,121,169
7563646266649340995,128,144,121,169
7621348636875025475,128,144,121,169
7679051007100709955,128,144,121,169
7731968302722313283,128,144,121,169
7759271375463246915,128,144,121,169
7806840646527347779,128,144,121,169
7820069970432748611,128,144,121,169
7887905439820016707,128,144,121,169
7925341611722533955,128,144,121,169
7969814658042817603,128,144,121,169
7983043981948218435,128,144,121,169
8009502629759020099,128,144,121,169
8075086299332602947,128,144,121,169
8077338099146288195,128,144,121,169
8254385859497290819,128,144,121,169
8259733884054793283,128,144,121,169
8277748282564275267,128,144,121,169
8492795164771216451,128,144,121,169
8507713338536881219,128,144,121,169
8520942662442282051,128,144,121,169
8531075761603865667,128,144,121,169
8580896832481651779,128,144,121,169
8669842925122219075,128,144,121,169
8709530896838421571,128,144,121,169
8847453635426643011,128,144,121,169
8918385329557728323,128,144,121,169
9061093142750030915,128,144,121,169
-9179892722984031165,128,144,121,169
-9166663399078630333,128,144,121,169
-9064487982532662205,128,144,121,169
-9004533812493292477,128,144,121,169
-8906299045621273533,128,144,121,169
-8896165946459689917,128,144,121,169
-8868018448788624317,128,144,121,169
-8839308001164137405,128,144,121,169
-8817352952980706237,128,144,121,169
-8812004928423203773,128,144,121,169
-8685622663880119229,128,144,121,169
-8581195447520465853,128,144,121,169
-8557833024453481405,128,144,121,169
-8533626176456364989,128,144,121,169
-8401895887355777981,128,144,121,169
-8396547862798275517,128,144,121,169
-8362207915639575485,128,144,121,169
-8250743824862155709,128,144,121,169
-8178967705800938429,128,144,121,169
-8115072886087619517,128,144,121,169
-8104939786926035901,128,144,121,169
-8104095361995903933,128,144,121,169
-8047237416700351421,128,144,121,169
-8027815643307316157,128,144,121,169
-7983342596987032509,128,144,121,169
-7976305722569266109,128,144,121,169
-7969268848151499709,128,144,121,169
-7882856030301328317,128,144,121,169
-7822057435331826621,128,144,121,169
-7810235486309979069,128,144,121,169
-7746340666596660157,128,144,121,169
-7736207567435076541,128,144,121,169
-7716785794042041277,128,144,121,169
-7658238998886224829,128,144,121,169
-7600536628660540349,128,144,121,169
-7595188604103037885,128,144,121,169
-7483724513325618109,128,144,121,169
-7298232503673295805,128,144,121,169
-7235745058843530173,128,144,121,169
-6833517317124002749,128,144,121,169
-6830421092380185533,128,144,121,169
-6757237598435414973,128,144,121,169
-6662943481237345213,128,144,121,169
-6577938038270727101,128,144,121,169
-6574841813526909885,128,144,121,169
-6571745588783092669,128,144,121,161767497396267577021,32,-240,57,-215
-7839525033843822915,32,-240,57,-215
-2156545254055678275,32,-240,57,-215
67116908718273362,-192,256,-199,217
68242808625115986,-192,256,-199,217
180832799309378386,-192,256,-199,217
279067566181397330,-192,256,-199,217
384902157424603986,-192,256,-199,217
393627881702634322,-192,256,-199,217
572645966890611538,-192,256,-199,217
665814184181838674,-192,256,-199,217
792196448724923218,-192,256,-199,217
1054531127019254610,-192,256,-199,217
1147417869333771090,-192,256,-199,217
1211031214070379346,-192,256,-199,217
1293221907269890898,-192,256,-199,217
1295192232106865490,-192,256,-199,217
1350079852565443410,-192,256,-199,217
1441840694973117266,-192,256,-199,217
1640843503507551058,-192,256,-199,217
1734293195775488850,-192,256,-199,217
1799595390372361042,-192,256,-199,217
1820987488602370898,-192,256,-199,217
1885163783292400466,-192,256,-199,217
1890511807849902930,-192,256,-199,217
2030967821228520274,-192,256,-199,217
2162416635352396626,-192,256,-199,217
2173394159444112210,-192,256,-199,217
2206608206695969618,-192,256,-199,217
2221526380461634386,-192,256,-199,217
2224622605205451602,-192,256,-199,217
2564081427118502738,-192,256,-199,217
2603487923857994578,-192,256,-199,217
2755765886258459474,-192,256,-199,217
2776313559558337362,-192,256,-199,217
2874548326430356306,-192,256,-199,217
2976160793022903122,-192,256,-199,217
2992486341672121170,-192,256,-199,217
3076647359708607314,-192,256,-199,217
3185859650672341842,-192,256,-199,217
3188392925462737746,-192,256,-199,217
3195711274857214802,-192,256,-199,217
3239621371224077138,-192,256,-199,217
3267487393918432082,-192,256,-199,217
3302953240983974738,-192,256,-199,217
3318997314656482130,-192,256,-199,217
3368255435580846930,-192,256,-199,217
3370225760417821522,-192,256,-199,217
3516029798353941330,-192,256,-199,217
3635938138432680786,-192,256,-199,217
3852110920546464594,-192,256,-199,217
3955130762022564690,-192,256,-199,217
4051395204057609042,-192,256,-199,217
4116697398654481234,-192,256,-199,217
4301907933330092882,-192,256,-199,217
4464881944845562706,-192,256,-199,217
4522302840094536530,-192,256,-199,217
4665573603240260434,-192,256,-199,217
4737349722301477714,-192,256,-199,217
4883435235214308178,-192,256,-199,217
4921997307023668050,-192,256,-199,217
4941137605439992658,-192,256,-199,217
4970129528041190226,-192,256,-199,217
5016572899198448466,-192,256,-199,217
5067519869983077202,-192,256,-199,217
5177576585876943698,-192,256,-199,217
5312684574698058578,-192,256,-199,217
5409230491709813586,-192,256,-199,217
5453140588076675922,-192,256,-199,217
5583744977270420306,-192,256,-199,217
5590218901734765394,-192,256,-199,217
5641447347496104786,-192,256,-199,217
5763044537435108178,-192,256,-199,217
5799917759384204114,-192,256,-199,217
5817087732963554130,-192,256,-199,217
5889708276954903378,-192,256,-199,217
5891397126815167314,-192,256,-199,217
6034386414984180562,-192,256,-199,217
6078296511351042898,-192,256,-199,217
6181034877850432338,-192,256,-199,217
6185538477477802834,-192,256,-199,217
6211152700358472530,-192,256,-199,217
6221848749473477458,-192,256,-199,217
6234515123425456978,-192,256,-199,217
6265477370863629138,-192,256,-199,217
6350201338853536594,-192,256,-199,217
6360052963038409554,-192,256,-199,217
6386511610849211218,-192,256,-199,217
6392985535313556306,-192,256,-199,217
6398333559871058770,-192,256,-199,217
6414096158566855506,-192,256,-199,217
6429577282285941586,-192,256,-199,217
6442806606191342418,-192,256,-199,217
6760310379920962386,-192,256,-199,217
6874870695442199378,-192,256,-199,217
6884159369673651026,-192,256,-199,217
6893166568928392018,-192,256,-199,217
6973386937290928978,-192,256,-199,217
7129605549365343058,-192,256,-199,217
7218551642005910354,-192,256,-199,217
7283009411672650578,-192,256,-199,217
7563639963453174610,-192,256,-199,217
7610364809587143506,-192,256,-199,217
7835263315978957650,-192,256,-199,217
8031169899769574226,-192,256,-199,217
8162337238916739922,-192,256,-199,217
8167685263474242386,-192,256,-199,217
8228202383467033426,-192,256,-199,217
8393991144749609810,-192,256,-199,217
8398776219353690962,-192,256,-199,217
8499262786039395154,-192,256,-199,217
8547395007056917330,-192,256,-199,217
8563439080729424722,-192,256,-199,217
8634933724813931346,-192,256,-199,217
8705865418945016658,-192,256,-199,217
8732605541732528978,-192,256,-199,217
8737109141359899474,-192,256,-199,217
8981992371098170194,-192,256,-199,217
9171706505401152338,-192,256,-199,217
-9144714654091365550,-192,256,-199,217
-9025650738942758062,-192,256,-199,217
-8973014918297865390,-192,256,-199,217
-8889416850214800558,-192,256,-199,217
-8858454602776628398,-192,256,-199,217
-8850010353475308718,-192,256,-199,217
-8801878132457786542,-192,256,-199,217
-8681969792379047086,-192,256,-199,217
-8627363646897179822,-192,256,-199,217
-8600623524109667502,-192,256,-199,217
-8486063208588430510,-192,256,-199,217
-8429205263292877998,-192,256,-199,217
-8007555748180315310,-192,256,-199,217
-7978563825579117742,-192,256,-199,217
-7946194203257392302,-192,256,-199,217
-7903410006797372590,-192,256,-199,217
-7878921683823545518,-192,256,-199,217
-7794197715833638062,-192,256,-199,217
-7759013343744806062,-192,256,-199,217
-7738465670444928174,-192,256,-199,217
-7707503423006756014,-192,256,-199,217
-7589846882741701806,-192,256,-199,217
-7576899033813011630,-192,256,-199,217
-7487952941172444334,-192,256,-199,217
-7368044601093704878,-192,256,-199,217
-7276002283709320366,-192,256,-199,217
-7169886217489403054,-192,256,-199,217
-7129353820843068590,-192,256,-199,217
-7082347499732389038,-192,256,-199,217
-7005223356113669294,-192,256,-199,217
-6919373488216919214,-192,256,-199,217
-6867582092502158510,-192,256,-199,217
-6784546974372514990,-192,256,-199,217
-6754710626841185454,-192,256,-199,217
-6668860758944435374,-192,256,-199,217
-6657601759876009134,-192,256,-199,217
-6573440741839522990,-192,256,-199,217
-6546700619052010670,-192,256,-199,217
-6496316598220803246,-192,256,-199,217
-6441991927715646638,-192,256,-199,217
-6355297634888764590,-192,256,-199,217
-6279299391176887470,-192,256,-199,217
-6250307468575689902,-192,256,-199,217
-6137717477891427502,-192,256,-199,217
-6126177003846290606,-192,256,-199,217
-6125895528869579950,-192,256,-199,217
-5908315371872242862,-192,256,-199,217
-5655832317762784430,-192,256,-199,217
-5604603872001445038,-192,256,-199,217
-5394623539375295662,-192,256,-199,217
-5359439167286463662,-192,256,-199,217
-5339172968963296430,-192,256,-199,217
-5286818623295114414,-192,256,-199,217
-5032928194302102702,-192,256,-199,217
-4992958747609189550,-192,256,-199,217
-4943982101661535406,-192,256,-199,217
-4941730301847850158,-192,256,-199,217
-4851658309300440238,-192,256,-199,217
-4813377712467791022,-192,256,-199,217
-4811125912654105774,-192,256,-199,217
-4786637589680278702,-192,256,-199,217
-4775660065588563118,-192,256,-199,217
-4637737327000341678,-192,256,-199,217
-4616345228770331822,-192,256,-199,217
-4510792112503835822,-192,256,-199,217
-4459845141719207086,-192,256,-199,217
-4381032148240223406,-192,256,-199,217
-4345284826197970094,-192,256,-199,217
-4053676750325730478,-192,256,-199,217
-3935175785130544302,-192,256,-199,217
-3934049885223701678,-192,256,-199,217
-3868747690626829486,-192,256,-199,217
-3736172976596110510,-192,256,-199,217
-3715625303296232622,-192,256,-199,217
-3564754715779321006,-192,256,-199,217
-3321560335901314222,-192,256,-199,217
-3193489221497965742,-192,256,-199,217
-3130157351738068142,-192,256,-199,217
-3044307483841318062,-192,256,-199,217
-2934250767947451566,-192,256,-199,217
-2913703094647573678,-192,256,-199,217
-2891185096510721198,-192,256,-199,217
-2858252524235574446,-192,256,-199,217
-2838830750842539182,-192,256,-199,217
-2728774034948672686,-192,256,-199,217
-2580718197198867630,-192,256,-199,217
-2554822499341487278,-192,256,-199,217
-2389596688012332206,-192,256,-199,217
-2343997741785205934,-192,256,-199,217
-2340620042064678062,-192,256,-199,217
-2318383518904536238,-192,256,-199,217
-2284043571745836206,-192,256,-199,217
-2281510296955440302,-192,256,-199,217
-2245762974913186990,-192,256,-199,217
-2097988612140092590,-192,256,-199,217
-2081663063490874542,-192,256,-199,217
-2049856391122570414,-192,256,-199,217
-198230239679
-6419749101359338429,128,144,121,169
-6368239180621288381,128,144,121,169
-6340936107880354749,128,144,121,169
-6280981937840985021,128,144,121,169
-6199072719618184125,128,144,121,169
-6179932421201859517,128,144,121,169
-6152347873484215229,128,144,121,169
-6081416179353129917,128,144,121,169
-6068186855447729085,128,144,121,169
-6015832509779547069,128,144,121,169
-5986277637224928189,128,144,121,169
-5959818989414126525,128,144,121,169
-5938708366160827325,128,144,121,169
-5934767716486878141,128,144,121,169
-5884102220678960061,128,144,121,169
-5877909771191325629,128,144,121,169
-5822459200779326397,128,144,121,169
-5750120131764687805,128,144,121,169
-5733794583115469757,128,144,121,169
-5682284662377419709,128,144,121,169
-5607412318572385213,128,144,121,169
-5502985102212731837,128,144,121,169
-5428112758407697341,128,144,121,169
-5388424786691494845,128,144,121,169
-5279212495727760317,128,144,121,169
-5216162100944573373,128,144,121,169
-5171689054624289725,128,144,121,169
-5076550512496087997,128,144,121,169
-5061913813707133885,128,144,121,169
-5054032514359235517,128,144,121,169
-4822941558479786941,128,144,121,169
-4814497309178467261,128,144,121,169
-4718795817096844221,128,144,121,169
-4618309250411140029,128,144,121,169
-4445202139734086589,128,144,121,169
-4259710130081764285,128,144,121,169
-4253517680594129853,128,144,121,169
-4178645336789095357,128,144,121,169
-4158379138465928125,128,144,121,169
-4138112940142760893,128,144,121,169
-4002442001368224701,128,144,121,169
-3939391606585037757,128,144,121,169
-3868459912453952445,128,144,121,169
-3805972467624186813,128,144,121,169
-3795839368462603197,128,144,121,169
-3738981423167050685,128,144,121,169
-3732788973679416253,128,144,121,169
-3675086603453731773,128,144,121,169
-3634554206807397309,128,144,121,169
-3576851836581712829,128,144,121,169
-3469328395478242237,128,144,121,169
-3427951573901775805,128,144,121,169
-3410218650369004477,128,144,121,169
-3377286078093857725,128,144,121,169
-3296221284801188797,128,144,121,169
-3282147535965655997,128,144,121,169
-3249496438667219901,128,144,121,169
-3243303989179585469,128,144,121,169
-3161394770956784573,128,144,121,169
-3039797581017781181,128,144,121,169
-3006302058789213117,128,144,121,169
-2911163516661011389,128,144,121,169
-2908067291917194173,128,144,121,169
-2836291172855976893,128,144,121,169
-2664028487109055421,128,144,121,169
-2640666064042070973,128,144,121,169
-2579867469072569277,128,144,121,169
-2489514001548448701,128,144,121,169
-1967940869703603133,128,144,121,169
-1893068525898568637,128,144,121,169
-1891661151015015357,128,144,121,169
-1884624276597248957,128,144,121,169
-1799618833630630845,128,144,121,169
-1717709615407829949,128,144,121,169
-1648466771137008573,128,144,121,169
-1609341749374227389,128,144,121,169
-1590764400911324093,128,144,121,169
-1522928931524055997,128,144,121,169
-1512795832362472381,128,144,121,169
-1498722083526939581,128,144,121,169
-1497877658596807613,128,144,121,169
-1448901012649153469,128,144,121,169
-1437079063627305917,128,144,121,169
-1397391091911103421,128,144,121,169
-1356014270334636989,128,144,121,169
-1261720153136567229,128,144,121,169
-1235261505325765565,128,144,121,169
-1234417080395633597,128,144,121,169
-1130834288966112189,128,144,121,169
-1119856764874396605,128,144,121,169
-1102686791295046589,128,144,121,169
-1056806370091209661,128,144,121,169
-1032599522094093245,128,144,121,169
-992067125447758781,128,144,121,169
-981089601356043197,128,144,121,169
-833878188536370109,128,144,121,169
-796442016633852861,128,144,121,169
-698207249761833917,128,144,121,169
-664711727533265853,128,144,121,169
-621083106143114173,128,144,121,169
-592935608472048573,128,144,121,169
-383236750822609853,128,144,121,169
-274587409812296637,128,144,121,169
-247565812048073661,128,144,121,169
-221107164237271997,128,144,121,169
-44903828816401341,128,144,121,169
-2119632356381629,128,144,121,169
12012974,-192,256,-199,217
-1886037954676968622,-192,256,-199,217
-1868867981097618606,-192,256,-199,217
-1794840062222716078,-192,256,-199,217
-1728411967719001262,-192,256,-199,217
-1708990194325965998,-192,256,-199,217
-1610755427453947054,-192,256,-199,217
-1600903803269074094,-192,256,-199,217
-1458758940030192814,-192,256,-199,217
-1360242698181463214,-192,256,-199,217
-1300288528142093486,-192,256,-199,217
-1105226369281608878,-192,256,-199,217
-1099033919793974446,-192,256,-199,217
-1000517677945244846,-192,256,-199,217
-981095904552209582,-192,256,-199,217
-867098538984393902,-192,256,-199,217
-771397046902770862,-192,256,-199,217
-489640595215404206,-192,256,-199,217
-474722421449739438,-192,256,-199,217
-458678347777232046,-192,256,-199,217
-436160349640379566,-192,256,-199,217
-404353677272075438,-192,256,-199,217
-214358067992382638,-192,256,-199,217
-208165618504748206,-192,256,-199,217
42894715608050874,32,112,25,89
776137029939309754,32,112,25,89
1001879961261255866,32,112,25,89
2294413054316588218,32,112,25,89
2570821481446452410,32,112,25,89
2756594966075485370,32,112,25,89
2952501549866101946,32,112,25,89
3072972839898262714,32,112,25,89
3780882406325562554,32,112,25,89
3976788990116179130,32,112,25,89
4559442191907237050,32,112,25,89
4830502594479598778,32,112,25,89
5303943505306922170,32,112,25,89
5766125417065819322,32,112,25,89
5871397058355604666,32,112,25,89
6228307328824716474,32,112,25,89
6293609523421588666,32,112,25,89
6725110662719024314,32,112,25,89
6790412857315896506,32,112,25,89
8399323824194006202,32,112,25,89
-9148389173901710150,32,112,25,89
-9033265908427051846,32,112,25,89
-8348718765066736454,32,112,25,89
-7821234658710967110,32,112,25,89
-7715963017421181766,32,112,25,89
-7489657136145814342,32,112,25,89
-7359052746952069958,32,112,25,89
-7253781105662284614,32,112,25,89
-7107977067726164806,32,112,25,89
-6585840985927897926,32,112,25,89
-5464444678712644422,32,112,25,89
-3515793414944772934,32,112,25,89
-1851713352631374662,32,112,25,89
-1671287892559844166,32,112,25,89
-1209105980800947014,32,112,25,89
4294837108778719746,16,-160,57,-167
-8616157341424273697,112,192,73,217
-5560746469230102817,112,192,73,217
681523158358965834,16,128,-7,153
718396380308061770,16,128,-7,153
1123157396817985098,16,128,-7,153
1328071179863342666,16,128,-7,153
1476408492589858378,16,128,-7,153
1580835708949511754,16,128,-7,153
2057654319497363018,16,128,-7,153
2517021481489153610,16,128,-7,153
2766689785831505482,16,128,-7,153
2931352647207239242,16,128,-7,153
3034091013706628682,16,128,-7,153
3394097508919557706,16,128,-7,153
3468125427794460234,16,128,-7,153
3559323320248712778,16,128,-7,153
3816591448962252362,16,128,-7,153
5077599344625991242,16,128,-7,153
5096176693088894538,16,128,-7,153
5168797237080243786,16,128,-7,153
5539499781408177738,16,128,-7,153
5581439552938065482,16,128,-7,153
5796204960168296010,16,128,-7,153
6349303289404735050,16,128,-7,153
6686228836527390282,16,128,-7,153
6945467290077904458,16,128,-7,153
7197387394233941578,16,128,-7,153
7484491870478810698,16,128,-7,153
7593422686465834570,16,128,-7,153
8037871674691960394,16,128,-7,153
8552126457142328906,16,128,-7,153
8729455692470042186,16,128,-7,153
-8336653620473741750,16,128,-7,153
-8325394621405315510,16,128,-7,153
-8023371971394781622,16,128,-7,153
-7744148794497810870,16,128,-7,153
-7572167583727600054,16,128,-7,153
-7543738611079823798,16,128,-7,153
-7232427286837838262,16,128,-7,153
-7134473994942529974,16,128,-7,153
-7081556699320926646,16,128,-7,153
-6930404636827304374,16,128,-7,153
-6824851520560808374,16,128,-7,153
-6628663461793481142,16,128,-7,153
-6603049238912811446,16,128,-7,153
-5706269963112661430,16,128,-7,153
-5627175494656967094,16,128,-7,153
-5318397445205377462,16,128,-7,153
-5239302976749683126,16,128,-7,153
-5012715620497605046,16,128,-7,153
-4776558115037364662,16,128,-7,153
-4622872777753346486,16,128,-7,153
-3851912816542859702,16,128,-7,153
-3475017822727291318,16,128,-7,153
-3178906147227681206,16,128,-7,153
-3059842232079073718,16,128,-7,153
-2488729504333152694,16,128,-7,153
-2340392191606636982,16,128,-7,153
-1461345839339258294,16,128,-7,153
-1159041714352013750,16,128,-7,153
-1108094743567385014,16,128,-7,153
-884885087035834806,16,128,-7,153
-178664370468798902,16,128,-7,153
504165377386780725,192,0,217,9
556519723054962741,192,0,217,9
1851586090900690997,192,0,217,9
2281398380337862709,192,0,217,9
4589211714388531253,192,0,217,9
4956255084019226677,192,0,217,9
5228441386498431029,192,0,217,9
6161530934294255669,192,0,217,9
7141908278177470517,192,0,217,9
8697057524503844917,192,0,217,9
8756730219566503989,192,0,217,9
-8501626502470657995,192,0,217,9
-8472916054846171083,192,0,217,9
-8461938530754455499,192,0,217,9
-8175959954416429003,192,0,217,9
-4662870770090731467,192,0,217,9
-3554985261757589451,192,0,217,9
-3516141714971518923,192,0,217,9
-3483772092649793483,192,0,217,9
-3072818626652235723,192,0,217,9
-1142463236370556875,192,0,217,9
-286497832193451979,192,0,217,9
53833026937842689,240,-160,217,-199
61714326285741057,240,-160,217,-199
90706248886938625,240,-160,217,-199
107031797536156673,240,-160,217,-199
141934694648278017,240,-160,217,-199
612842330685205505,240,-160,217,-199
675611250491681793,240,-160,217,-199
859132935307029505,240,-160,217,-199
1151585436109401089,240,-160,217,-199
1160592635364142081,240,-160,217,-199
1167910984758619137,240,-160,217,-199
1179169983827045377,240,-160,217,-199
1204784206707715073,240,-160,217,-199
1795600182823382017,240,-160,217,-199
1847954528491564033,240,-160,217,-199
1887642500207766529,240,-160,217,-199
2734319230153419777,240,-160,217,-199
2909396665667447809,240,-160,217,-199
3061111678114491393,240,-160,217,-199
3139361721640053761,240,-160,217,-199
3210856365724560385,240,-160,217,-199
3350186479196335105,240,-160,217,-199
3357786303567522817,240,-160,217,-199
3522167689966545921,240,-160,217,-199
3579307110238809089,240,-160,217,-199
3619839506885143553,240,-160,217,-199
3623498681582382081,240,-160,217,-199
3701185775154523137,240,-160,217,-199
3754666020729547777,240,-160,217,-199
3767050919704816641,240,-160,217,-199
3798294642119699457,240,-160,217,-199
3830101314488003585,240,-160,217,-199
3911729057734093825,240,-160,217,-199
3941283930288712705,240,-160,217,-199
4145353288403938305,240,-160,217,-199
4216847932488444929,240,-160,217,-199
4432739239625518081,240,-160,217,-199
4486500960177253377,240,-160,217,-199
4598528000908094465,240,-160,217,-199
4608942575046388737,240,-160,217,-199
4664393145458387969,240,-160,217,-199
4698170142663666689,240,-160,217,-199
4959941871004576769,240,-160,217,-199
5394820710022540289,240,-160,217,-199
5456745204898884609,240,-160,217,-199
6061634929850084353,240,-160,217,-199
6131159249097616385,240,-160,217,-199
6242341864898325505,240,-160,217,-199
6548868114536229889,240,-160,217,-199
6591652310996249601,240,-160,217,-199
6710716226144857089,240,-160,217,-199
6764759421673303041,240,-160,217,-199
7240170657337601025,240,-160,217,-199
7360923422346472449,240,-160,217,-199
7405959418620177409,240,-160,217,-199
7663790497287138305,240,-160,217,-199
7774973113087847425,240,-160,217,-199
7981575745993468929,240,-160,217,-199
8389995937200630785,240,-160,217,-199
8427713584079858689,240,-160,217,-199
8450794532170132481,240,-160,217,-199
8460646156355005441,240,-160,217,-199
8507933952442395649,240,-160,217,-199
8561977147970841601,240,-160,217,-199
8585058096061115393,240,-160,217,-199
8664996989446941697,240,-160,217,-199
8860340623284136961,240,-160,217,-199
8930990842438511617,240,-160,217,-199
8993196812291566593,240,-160,217,-199
9037106908658428929,240,-160,217,-199
9100438778418326529,240,-160,217,-199
9178688821943888897,240,-160,217,-199
9196421745476660225,240,-160,217,-199
9213591719056010241,240,-160,217,-199
-9158280010848506879,240,-160,217,-199
-9096918465925583871,240,-160,217,-199
-8994180099426194431,240,-160,217,-199
-8992209774589219839,240,-160,217,-199
-8941825753758012415,240,-160,217,-199
-8741697045316735999,240,-160,217,-199
-8704260873414218751,240,-160,217,-199
-8649373252955640831,240,-160,217,-199
-8532561137620718591,240,-160,217,-199
-8513983789157815295,240,-160,217,-199
-8395201348985918463,240,-160,217,-199
-8291618557556397055,240,-160,217,-199
-8090363949208278015,240,-160,217,-199
-8069816275908400127,240,-160,217,-199
-8020558154984035327,240,-160,217,-199
-7969329709222695935,240,-160,217,-199
-7788622774174454783,240,-160,217,-199
-7778771149989581823,240,-160,217,-199
-7643100211215045631,240,-160,217,-199
-7642255786284913663,240,-160,217,-199
-7635218911867147263,240,-160,217,-199
-7444378877657322495,240,-160,217,-199
-7395965181663089663,240,-160,217,-199
-7010344463569490943,240,-160,217,-199
-7003307589151724543,240,-160,217,-199
-6968404692039603199,240,-160,217,-199
-6966434367202628607,240,-160,217,-199
-6813593454848742399,240,-160,217,-199
-6547881076833883135,240,-160,217,-199
-6400669664014210047,240,-160,217,-199
-6281042798912181247,240,-160,217,-199
-6265843150169805823,240,-160,217,-199
-6255428576031511551,240,-160,217,-199
-6133268436139086847,240,-160,217,-199
-5729633319536006143,240,-160,217,-199
-5604095479923053567,240,-160,217,-199
-5538793285326181375,240,-160,217,-199
-5303480204796072959,240,-160,217,-199
-5167246316068115455,240,-160,217,-199
-5103632971331507199,240,-160,217,-199
-5086181522775446527,240,-160,217,-199
-5067322699335832575,240,-160,217,-199
-4982317256369214463,240,-160,217,-199
-4870853165591794687,240,-160,217,-199
-4823565369504404479,240,-160,217,-199
-4555882666652570623,240,-160,217,-199
-4536179418282824703,240,-160,217,-199
-4230497593575052287,240,-160,217,-199
-4135359051446850559,240,-160,217,-199
-4130573976842769407,240,-160,217,-199
-4117344652937368575,240,-160,217,-199
-4009258261880476671,240,-160,217,-199
-3853321124782773247,240,-160,217,-199
-3761841757351810047,240,-160,217,-199
-3639681617459385343,240,-160,217,-199
-3628704093367669759,240,-160,217,-199
-3465448606875489279,240,-160,217,-199
-3404931486882698239,240,-160,217,-199
-3370028589770576895,240,-160,217,-199
-3301911645406598143,240,-160,217,-199
-3268134648201319423,240,-160,217,-199
-3159766782167716863,240,-160,217,-199
-3095027537524265983,240,-160,217,-199
-2932335000985506815,240,-160,217,-199
-2897150628896674815,240,-160,217,-199
-2806797161372554239,240,-160,217,-199
-2745435616449631231,240,-160,217,-199
-2644949049763927039,240,-160,217,-199
-2593720604002587647,240,-160,217,-199
-2412169244024214527,240,-160,217,-199
-2345459674543789055,240,-160,217,-199
-2154619640333964287,240,-160,217,-199
-1814316393490781183,240,-160,217,-199
-1711578026991391743,240,-160,217,-199
-1689060028854539263,240,-160,217,-199
-1659223681323209727,240,-160,217,-199
-1633046508489118719,240,-160,217,-199
-1559581539567637503,240,-160,217,-199
-1529463717059597311,240,-160,217,-199
-1281765737554220031,240,-160,217,-199
-1200419469284840447,240,-160,217,-199
-1196478819610891263,240,-160,217,-199
-1085859153763603455,240,-160,217,-199
-1082199979066364927,240,-160,217,-199
-1052082156558324735,240,-160,217,-199
-1038571357676213247,240,-160,217,-199
-904307793785230335,240,-160,217,-199
-831687249793881087,240,-160,217,-199
-644787865258005503,240,-160,217,-199
-581174520521397247,240,-160,217,-199
-397089885752628223,240,-160,217,-199
-316588042413380607,240,-160,217,-199
-266204021582173183,240,-160,217,-199
-250159947909665791,240,-160,217,-199
-100133785322886143,240,-160,217,-199
89195968069417250,208,32,185,9
443291488771422498,208,32,185,9
528859881691461922,208,32,185,9
623435473866242338,208,32,185,9
728988590132738338,208,32,185,9
894495876438604066,208,32,185,9
1129527481992001826,208,32,185,9
1683188761181862178,208,32,185,9
1712462158759770402,208,32,185,9
1877969445065636130,208,32,185,9
1928071990920132898,208,32,185,9
2200821243352758562,208,32,185,9
2410238626025486626,208,32,185,9
3220323608998754594,208,32,185,9
3375979271119747362,208,32,185,9
3479843537525979426,208,32,185,9
4080511137826519330,208,32,185,9
4106125360707189026,208,32,185,9
4359452839746779426,208,32,185,9
4554233523630553378,208,32,185,9
5196559420484270370,208,32,185,9
5328289709584857378,208,32,185,9
5490700771146905890,208,32,185,9
5594002087599716642,208,32,185,9
5682385230286862626,208,32,185,9
6079827897402308898,208,32,185,9
6966192599064164642,208,32,185,9
7116500236627654946,208,32,185,9
7633569768845130018,208,32,185,9
7699434913395423522,208,32,185,9
8046775034656373026,208,32,185,9
8314739212484917538,208,32,185,9
8379478457128368418,208,32,185,9
9098084072670673186,208,32,185,9
-9091673347302049502,208,32,185,9
-9004416104521746142,208,32,185,9
-8621047186241832670,208,32,185,9
-8212064045081249502,208,32,185,9
-8072733931609474782,208,32,185,9
-7981817514131932894,208,32,185,9
-7908634020187162334,208,32,185,9
-7398882837364164318,208,32,185,9
-7240130950499354334,208,32,185,9
-6618634201922225886,208,32,185,9
-6551361682488379102,208,32,185,9
-6259753606616139486,208,32,185,9
-5912132010378479326,208,32,185,9
-5876947638289647326,208,32,185,9
-5717632801471416030,208,32,185,9
-5690048253753771742,208,32,185,9
-5482038245964596958,208,32,185,9
-5455016648200373982,208,32,185,9
-5002123410672928478,208,32,185,9
-4380063712142378718,208,32,185,9
-4250585222855476958,208,32,185,9
-3437404015138391774,208,32,185,9
-3217009108373948126,208,32,185,9
-2783537644239537886,208,32,185,9
-2728087073827538654,208,32,185,9
-2178084969334916830,208,32,185,9
-2142056172315952862,208,32,185,9
-1803160300356323038,208,32,185,9
-1785427376823551710,208,32,185,9
-1758687254036039390,208,32,185,9
-1256254420607518430,208,32,185,9
-1061473736723744478,208,32,185,9
-1053029487422424798,208,32,185,9
-910603149206832862,208,32,185,9
-841641779912722142,208,32,185,9
-41971371077748446,208,32,185,9
204905262823741090,64,96,41,89
504676113020589730,64,96,41,89
525223786320467618,64,96,41,89
560971108362720930,64,96,41,89
708182521182394018,64,96,41,89
774047665732687522,64,96,41,89
1114350912575870626,64,96,41,89
1151224134524966562,64,96,41,89
1173742132661819042,64,96,41,89
1181623432009717410,64,96,41,89
1205267330053412514,64,96,41,89
1270850999626995362,64,96,41,89
1449587609838261922,64,96,41,89
1632264869723477666,64,96,41,89
1871518599927535266,64,96,41,89
2012256088282863266,64,96,41,89
2134416228175287970,64,96,41,89
2377610608053294754,64,96,41,89
2794475048561776290,64,96,41,89
2881169341388658338,64,96,41,89
3310981630825830050,64,96,41,89
3375439400492570274,64,96,41,89
3551642735913440930,64,96,41,89
3565997959725684386,64,96,41,89
3665921576457967266,64,96,41,89
3685624824827713186,64,96,41,89
3728971971241154210,64,96,41,89
4041972145343403682,64,96,41,89
4214234831090325154,64,96,41,89
4311062223078790818,64,96,41,89
4389030791627642530,64,96,41,89
4617588472716695202,64,96,41,89
4893715424869848738,64,96,41,89
5172375651813398178,64,96,41,89
5177723676370900642,64,96,41,89
5239366696270534306,64,96,41,89
5403748082669557410,64,96,41,89
5458917178104845986,64,96,41,89
5610069240598468258,64,96,41,89
5638779688222955170,64,96,41,89
5695637633518507682,64,96,41,89
5821738423084881570,64,96,41,89
6024118931339843234,64,96,41,89
6176678368717018786,64,96,41,89
6197788991970317986,64,96,41,89
6266187411311007394,64,96,41,89
6268720686101403298,64,96,41,89
6275194610565748386,64,96,41,89
6459279245334517410,64,96,41,89
6467160544682415778,64,96,41,89
6841803738684298914,64,96,41,89
6865447636727994018,64,96,41,89
6894439559329191586,64,96,41,89
7071768794656904866,64,96,41,89
7081057468888356514,64,96,41,89
7174507161156294306,64,96,41,89
7177040435946690210,64,96,41,89
7273023403005023906,64,96,41,89
7451760013216290466,64,96,41,89
7461048687447742114,64,96,41,89
7517625157766583970,64,96,41,89
7672717869934155426,64,96,41,89
7769826736899331746,64,96,41,89
7989377218733643426,64,96,41,89
7990784593617196706,64,96,41,89
8067627262259205794,64,96,41,89
8168113828944909986,64,96,41,89
8233978973495203490,64,96,41,89
8257622871538898594,64,96,41,89
8269726295537456802,64,96,41,89
8440300131424114338,64,96,41,89
9179171945289586338,64,96,41,89
-9167367036710971742,64,96,41,89
-8617927882171771230,64,96,41,89
-8582743510082939230,64,96,41,89
-8545870288133843294,64,96,41,89
-8367133677922576734,64,96,41,89
-8246943862867126622,64,96,41,89
-8234558963891857758,64,96,41,89
-8212040965755005278,64,96,41,89
-8179108393479858526,64,96,41,89
-8119154223440488798,64,96,41,89
-8110991449115879774,64,96,41,89
-7945765637786724702,64,96,41,89
-7872863618818664798,64,96,41,89
-7825575822731274590,64,96,41,89
-7646839212520008030,64,96,41,89
-7636424638381713758,64,96,41,89
-7294432541678266718,64,96,41,89
-7102748082538309982,64,96,41,89
-6892204799958739294,64,96,41,89
-6697705591051675998,64,96,41,89
-6652951069754681694,64,96,41,89
-6562316127253850462,64,96,41,89
-6292663099565042014,64,96,41,89
-6229894179758565726,64,96,41,89
-6018224997272152414,64,96,41,89
-5709165472843852126,64,96,41,89
-5584472058161031518,64,96,41,89
-5430505245900302686,64,96,41,89
-5306937731124324702,64,96,41,89
-5150437644073199966,64,96,41,89
-5124260471239108958,64,96,41,89
-5055862051898419550,64,96,41,89
-4758905951468677470,64,96,41,89
-4708803405614180702,64,96,41,89
-4645753010830993758,64,96,41,89
-4549770043772660062,64,96,41,89
-4419728604532336990,64,96,41,89
-4292220440082409822,64,96,41,89
-4249999193575811422,64,96,41,89
-3924051170544871774,64,96,41,89
-3750662584891107678,64,96,41,89
-3624280320348023134,64,96,41,89
-3211638004490201438,64,96,41,89
-3077655915575929182,64,96,41,89
-2831646785930815838,64,96,41,89
-2825172861466470750,64,96,41,89
-2564808508009113950,64,96,41,89
-2501758113225927006,64,96,41,89
-2326962152688609630,64,96,41,89
-2302473829714782558,64,96,41,89
-2250682434000021854,64,96,41,89
-2210994462283819358,64,96,41,89
-2071945823788755294,64,96,41,89
-1931208335433427294,64,96,41,89
-1864217290976291166,64,96,41,89
-1752471725222160734,64,96,41,89
-1691954605229369694,64,96,41,89
-1565853815662995806,64,96,41,89
-1490981471857961310,64,96,41,89
-1489574096974408030,64,96,41,89
-1434405001539119454,64,96,41,89
-1180233097569397086,64,96,41,89
-1026829235262089566,64,96,41,89
-945482966992709982,64,96,41,89
-761398332223940958,64,96,41,89
-754924407759595870,64,96,41,89
-628542143216511326,64,96,41,89
-504974628440533342,64,96,41,89
-386755138222057822,64,96,41,89
-146094033134446942,64,96,41,89
5623998104177310,-208,240,-183,249
697770965835680414,-208,240,-183,249
863278252141546142,-208,240,-183,249
1244958320561195678,-208,240,-183,249
1397517757938371230,-208,240,-183,249
1666607835673758366,-208,240,-183,249
1911772540388739742,-208,240,-183,249
2396753925261200030,-208,240,-183,249
2516662265339939486,-208,240,-183,249
2879483510319975070,-208,240,-183,249
2929586056174471838,-208,240,-183,249
3107196766478895774,-208,240,-183,249
3123522315128113822,-208,240,-183,249
3555023454425549470,-208,240,-183,249
3779640485840652958,-208,240,-183,249
3866897728620956318,-208,240,-183,249
4396633634790410910,-208,240,-183,249
4439136356273719966,-208,240,-183,249
4707100534102264478,-208,240,-183,249
5165904746140633758,-208,240,-183,249
5415291575506274974,-208,240,-183,249
6051987972825778846,-208,240,-183,249
6107438543237778078,-208,240,-183,249
6461534063939783326,-208,240,-183,249
6598893852574583454,-208,240,-183,249
7244034499195407006,-208,240,-183,249
7708186735791278750,-208,240,-183,249
8706297003207264926,-208,240,-183,249
8905862761695120030,-208,240,-183,249
8982423955360418462,-208,240,-183,249
8997623604102793886,-208,240,-183,249
-8825934871169365346,-208,240,-183,249
-8748529252573934946,-208,240,-183,249
-8171505550317090146,-208,240,-183,249
-8147017227343263074,-208,240,-183,249
-7469506958400714082,-208,240,-183,249
-7402234438966867298,-208,240,-183,249
-7246860251822585186,-208,240,-183,249
-6672369824356136290,-208,240,-183,249
-6651540676079547746,-208,240,-183,249
-5591505913787217250,-208,240,-183,249
-4929758243540464994,-208,240,-183,249
-4724844460495107426,-208,240,-183,249
-4324868518589265250,-208,240,-183,249
-3541523658403509602,-208,240,-183,249
-2699069053108516194,-208,240,-183,249
-1477467654184269154,-208,240,-183,249
-1440312957258462562,-208,240,-183,249
-1276775995789571426,-208,240,-183,249
-979256945406408034,-208,240,-183,249
-750417789340644706,-208,240,-183,249
-114284341974562146,-208,240,-183,249
-45604447657162082,-208,240,-183,249
3613412134185682919,160,80,121,73
1881413417142117532,144,-160,169,-135
2122637472183149724,144,-160,169,-135
2231005338216752284,144,-160,169,-135
2626196205518513308,144,-160,169,-135
2824636064099525788,144,-160,169,-135
5263898212274070684,144,-160,169,-135
8994004603643683996,144,-160,169,-135
9187940862597325980,144,-160,169,-135
9207925585943782556,144,-160,169,-135
-8880500842413103972,144,-160,169,-135
-8779732800750689124,144,-160,169,-135
-8211716297748585316,144,-160,169,-135
-7987943691263613796,144,-160,169,-135
-3874186906637376356,144,-160,169,-135
-3602563554111593316,144,-160,169,-135
80351301190489843,64,208,57,249
261058236238730995,64,208,57,249
454150070262241011,64,208,57,249
460623994726586099,64,208,57,249
746602571064612595,64,208,57,249
1168252086177175283,64,208,57,249
1437905113865983731,64,208,57,249
1554998704177616627,64,208,57,249
1739364813923096307,64,208,57,249
2107252608483923699,64,208,57,249
2345098963804428019,64,208,57,249
3103392551062935283,64,208,57,249
3138013973198345971,64,208,57,249
3220486141374568179,64,208,57,249
3227241540815623923,64,208,57,249
3318720908246587123,64,208,57,249
3918825558593705715,64,208,57,249
4293187277618878195,64,208,57,249
4524559708475037427,64,208,57,249
4683030120363136755,64,208,57,249
4803501410395297523,64,208,57,249
5006726343580391155,64,208,57,249
5520699651054049011,64,208,57,249
5676073838198331123,64,208,57,249
6012154960390854387,64,208,57,249
6043961632759158515,64,208,57,249
6427893500992493299,64,208,57,249
6557934940232816371,64,208,57,249
6887542137960994547,64,208,57,249
6925822734793643763,64,208,57,249
7110188844539123443,64,208,57,249
7350849949626734323,64,208,57,249
7369708773066348275,64,208,57,249
7515794285979178739,64,208,57,249
7940821500812269299,64,208,57,249
8270991648493868787,64,208,57,249
8321657144301786867,64,208,57,249
8524882077486880499,64,208,57,249
8553029575157946099,64,208,57,249
9137090151832557299,64,208,57,249
9168896824200861427,64,208,57,249
-8893915381275355405,64,208,57,249
-8377127324034590989,64,208,57,249
-7824873419728283917,64,208,57,249
-7688921005977037069,64,208,57,249
-7682447081512691981,64,208,57,249
-7644166484680042765,64,208,57,249
-7469933474096146701,64,208,57,249
-6622693794197072141,64,208,57,249
-6153475008020408589,64,208,57,249
-5528319084746041613,64,208,57,249
-5249377382825781517,64,208,57,249
-4852497665663756557,64,208,57,249
-4214956843414120717,64,208,57,249
-3856357723084744973,64,208,57,249
-3682406187477559565,64,208,57,249
-3675650788036503821,64,208,57,249
-3533224449820911885,64,208,57,249
-2806737534930708749,64,208,57,249
-2640667298671421709,64,208,57,249
-2581276078585473293,64,208,57,249
-2473471162505292045,64,208,57,249
-2435190565672642829,64,208,57,249
-1991304527399938317,64,208,57,249
-1737695573383637261,64,208,57,249
-1578662211542116621,64,208,57,249
-716222882900666637,64,208,57,249
-389430434939595021,64,208,57,249
-284721743603230989,64,208,57,249
-135821480923293965,64,208,57,249
-75022885953792269,64,208,57,249
